campKeyNum,campTag3
1,일반야영장
1,카라반
1,글램핑
2,글램핑
3,카라반
4,일반야영장
4,자동차야영장
5,자동차야영장
5,글램핑
6,글램핑
7,일반야영장
7,자동차야영장
7,글램핑
8,일반야영장
8,글램핑
9,일반야영장
10,일반야영장
11,일반야영장
11,자동차야영장
11,글램핑
12,자동차야영장
13,일반야영장
13,글램핑
14,일반야영장
14,글램핑
15,자동차야영장
16,자동차야영장
17,일반야영장
18,자동차야영장
19,일반야영장
20,일반야영장
20,글램핑
21,일반야영장
21,자동차야영장
21,카라반
22,자동차야영장
23,자동차야영장
24,일반야영장
24,글램핑
25,일반야영장
26,자동차야영장
27,자동차야영장
28,일반야영장
29,일반야영장
30,일반야영장
31,자동차야영장
32,일반야영장
33,일반야영장
33,카라반
33,글램핑
34,일반야영장
35,일반야영장
36,일반야영장
37,일반야영장
38,일반야영장
38,카라반
39,일반야영장
40,자동차야영장
40,카라반
41,자동차야영장
41,글램핑
42,일반야영장
42,글램핑
43,일반야영장
43,자동차야영장
44,일반야영장
44,자동차야영장
45,자동차야영장
46,글램핑
47,글램핑
48,일반야영장
49,일반야영장
50,일반야영장
51,일반야영장
52,자동차야영장
53,일반야영장
54,일반야영장
55,자동차야영장
56,일반야영장
57,일반야영장
58,일반야영장
59,일반야영장
60,자동차야영장
61,일반야영장
62,자동차야영장
63,일반야영장
64,일반야영장
65,자동차야영장
66,글램핑
67,일반야영장
67,카라반
68,글램핑
69,일반야영장
69,자동차야영장
69,카라반
70,일반야영장
70,글램핑
71,자동차야영장
72,일반야영장
73,자동차야영장
74,일반야영장
74,글램핑
75,일반야영장
76,자동차야영장
77,자동차야영장
78,자동차야영장
79,일반야영장
79,카라반
79,글램핑
80,일반야영장
81,일반야영장
81,글램핑
82,일반야영장
82,글램핑
83,일반야영장
83,카라반
83,글램핑
84,일반야영장
85,글램핑
86,일반야영장
87,일반야영장
88,일반야영장
89,일반야영장
89,글램핑
90,일반야영장
91,일반야영장
92,자동차야영장
93,일반야영장
94,일반야영장
95,자동차야영장
96,카라반
96,글램핑
97,일반야영장
98,자동차야영장
99,일반야영장
99,카라반
100,일반야영장
100,카라반
100,글램핑
101,일반야영장
102,일반야영장
103,일반야영장
104,일반야영장
105,자동차야영장
106,일반야영장
107,일반야영장
107,글램핑
108,자동차야영장
109,일반야영장
110,자동차야영장
110,카라반
111,일반야영장
112,일반야영장
113,자동차야영장
114,카라반
115,일반야영장
116,일반야영장
117,일반야영장
118,일반야영장
118,카라반
119,일반야영장
120,일반야영장
120,자동차야영장
121,자동차야영장
122,자동차야영장
122,카라반
123,일반야영장
124,일반야영장
125,일반야영장
125,카라반
125,글램핑
126,일반야영장
127,일반야영장
127,자동차야영장
128,일반야영장
129,일반야영장
129,카라반
129,글램핑
130,일반야영장
131,일반야영장
132,일반야영장
133,일반야영장
134,일반야영장
134,카라반
135,자동차야영장
136,일반야영장
137,일반야영장
138,자동차야영장
138,카라반
139,일반야영장
139,자동차야영장
140,일반야영장
140,카라반
141,일반야영장
141,자동차야영장
142,일반야영장
143,일반야영장
143,자동차야영장
144,일반야영장
145,일반야영장
146,자동차야영장
147,일반야영장
147,자동차야영장
148,자동차야영장
149,자동차야영장
150,자동차야영장
151,자동차야영장
152,일반야영장
153,일반야영장
154,일반야영장
155,일반야영장
156,일반야영장
157,일반야영장
158,일반야영장
159,자동차야영장
160,일반야영장
161,자동차야영장
162,일반야영장
163,일반야영장
163,글램핑
164,자동차야영장
165,일반야영장
166,자동차야영장
167,일반야영장
167,카라반
168,자동차야영장
169,일반야영장
170,일반야영장
171,일반야영장
171,카라반
172,자동차야영장
172,글램핑
173,일반야영장
173,카라반
173,글램핑
174,일반야영장
174,글램핑
175,일반야영장
175,카라반
176,일반야영장
177,일반야영장
177,글램핑
178,일반야영장
178,카라반
178,글램핑
179,일반야영장
180,자동차야영장
181,자동차야영장
182,일반야영장
183,일반야영장
184,일반야영장
185,일반야영장
185,자동차야영장
186,일반야영장
186,자동차야영장
187,일반야영장
188,일반야영장
189,자동차야영장
189,글램핑
190,일반야영장
191,일반야영장
192,일반야영장
193,자동차야영장
194,일반야영장
194,자동차야영장
195,자동차야영장
196,일반야영장
197,자동차야영장
198,일반야영장
198,카라반
198,글램핑
199,일반야영장
199,자동차야영장
200,일반야영장
201,자동차야영장
202,일반야영장
203,일반야영장
203,자동차야영장
203,글램핑
204,일반야영장
205,일반야영장
206,일반야영장
207,일반야영장
208,자동차야영장
208,글램핑
209,일반야영장
209,글램핑
210,일반야영장
211,일반야영장
212,자동차야영장
213,일반야영장
214,일반야영장
215,일반야영장
216,일반야영장
217,일반야영장
218,일반야영장
218,카라반
219,자동차야영장
220,자동차야영장
221,일반야영장
222,일반야영장
223,일반야영장
224,일반야영장
225,일반야영장
225,카라반
225,글램핑
226,자동차야영장
227,자동차야영장
228,자동차야영장
229,일반야영장
230,자동차야영장
230,카라반
231,일반야영장
232,자동차야영장
233,자동차야영장
234,일반야영장
235,일반야영장
236,일반야영장
236,글램핑
237,자동차야영장
238,자동차야영장
239,일반야영장
240,일반야영장
241,일반야영장
242,일반야영장
243,일반야영장
243,글램핑
244,일반야영장
245,글램핑
246,일반야영장
247,일반야영장
247,글램핑
248,일반야영장
249,일반야영장
249,글램핑
250,일반야영장
251,일반야영장
252,일반야영장
252,카라반
252,글램핑
253,카라반
253,글램핑
254,일반야영장
255,일반야영장
255,글램핑
256,일반야영장
257,자동차야영장
258,일반야영장
259,일반야영장
260,일반야영장
261,자동차야영장
261,카라반
262,자동차야영장
263,일반야영장
263,글램핑
264,일반야영장
265,일반야영장
266,자동차야영장
267,일반야영장
268,자동차야영장
269,자동차야영장
270,일반야영장
271,일반야영장
271,카라반
272,자동차야영장
273,일반야영장
274,일반야영장
275,일반야영장
276,자동차야영장
277,자동차야영장
278,일반야영장
278,자동차야영장
278,카라반
278,글램핑
279,일반야영장
280,일반야영장
280,자동차야영장
281,일반야영장
282,일반야영장
283,일반야영장
284,일반야영장
284,글램핑
285,자동차야영장
286,일반야영장
287,일반야영장
288,일반야영장
288,자동차야영장
288,카라반
289,일반야영장
289,글램핑
290,일반야영장
291,일반야영장
292,일반야영장
293,자동차야영장
294,일반야영장
295,일반야영장
296,자동차야영장
297,일반야영장
297,카라반
298,일반야영장
298,글램핑
299,일반야영장
300,자동차야영장
301,일반야영장
301,글램핑
302,일반야영장
303,일반야영장
303,글램핑
304,일반야영장
304,글램핑
305,글램핑
306,일반야영장
306,글램핑
307,일반야영장
307,카라반
308,일반야영장
309,일반야영장
310,자동차야영장
310,카라반
310,글램핑
311,일반야영장
311,자동차야영장
312,일반야영장
313,일반야영장
314,일반야영장
315,자동차야영장
316,자동차야영장
316,글램핑
317,일반야영장
317,글램핑
318,자동차야영장
318,카라반
318,글램핑
319,자동차야영장
320,자동차야영장
321,일반야영장
322,자동차야영장
323,일반야영장
324,카라반
324,글램핑
325,일반야영장
325,카라반
326,일반야영장
327,자동차야영장
328,자동차야영장
329,일반야영장
330,일반야영장
331,자동차야영장
332,일반야영장
332,자동차야영장
333,자동차야영장
333,글램핑
334,일반야영장
335,일반야영장
335,카라반
336,일반야영장
337,일반야영장
338,자동차야영장
339,자동차야영장
340,일반야영장
341,일반야영장
342,일반야영장
343,일반야영장
344,일반야영장
345,일반야영장
346,일반야영장
346,카라반
347,일반야영장
347,자동차야영장
348,자동차야영장
349,자동차야영장
350,일반야영장
351,일반야영장
352,일반야영장
353,일반야영장
354,일반야영장
355,일반야영장
355,글램핑
356,자동차야영장
357,자동차야영장
358,자동차야영장
359,일반야영장
359,글램핑
360,글램핑
361,일반야영장
362,일반야영장
363,자동차야영장
364,자동차야영장
365,자동차야영장
366,일반야영장
367,일반야영장
368,자동차야영장
368,카라반
369,자동차야영장
370,카라반
371,카라반
372,일반야영장
373,일반야영장
374,일반야영장
375,일반야영장
376,일반야영장
376,자동차야영장
377,일반야영장
378,일반야영장
379,자동차야영장
380,자동차야영장
380,글램핑
381,일반야영장
382,일반야영장
382,카라반
383,일반야영장
384,일반야영장
384,글램핑
385,일반야영장
385,자동차야영장
385,카라반
386,자동차야영장
387,글램핑
388,일반야영장
388,카라반
389,자동차야영장
389,카라반
390,일반야영장
391,일반야영장
391,카라반
392,일반야영장
393,일반야영장
394,자동차야영장
395,일반야영장
395,자동차야영장
396,일반야영장
396,자동차야영장
397,일반야영장
398,일반야영장
398,글램핑
399,일반야영장
399,글램핑
400,일반야영장
401,일반야영장
402,자동차야영장
403,자동차야영장
404,자동차야영장
405,일반야영장
406,글램핑
407,자동차야영장
408,자동차야영장
409,일반야영장
410,일반야영장
411,일반야영장
412,카라반
413,글램핑
414,일반야영장
415,자동차야영장
416,일반야영장
416,글램핑
417,일반야영장
418,일반야영장
418,글램핑
419,자동차야영장
420,자동차야영장
421,일반야영장
422,일반야영장
423,자동차야영장
424,자동차야영장
425,일반야영장
425,글램핑
426,일반야영장
426,글램핑
427,일반야영장
428,일반야영장
428,카라반
429,자동차야영장
430,자동차야영장
431,일반야영장
432,일반야영장
433,일반야영장
434,자동차야영장
435,자동차야영장
436,일반야영장
436,카라반
437,자동차야영장
437,카라반
438,일반야영장
439,자동차야영장
440,일반야영장
440,글램핑
441,일반야영장
442,자동차야영장
443,일반야영장
443,글램핑
444,일반야영장
444,자동차야영장
444,카라반
444,글램핑
445,자동차야영장
446,일반야영장
447,일반야영장
448,자동차야영장
449,일반야영장
449,카라반
450,일반야영장
451,자동차야영장
451,글램핑
452,자동차야영장
453,일반야영장
453,자동차야영장
454,자동차야영장
455,일반야영장
455,카라반
456,자동차야영장
457,일반야영장
457,자동차야영장
458,글램핑
459,일반야영장
459,자동차야영장
459,카라반
460,일반야영장
460,글램핑
461,일반야영장
461,카라반
462,일반야영장
463,일반야영장
463,자동차야영장
464,자동차야영장
465,카라반
466,일반야영장
467,일반야영장
468,카라반
469,일반야영장
470,일반야영장
471,자동차야영장
472,자동차야영장
473,일반야영장
474,자동차야영장
475,일반야영장
476,일반야영장
477,일반야영장
477,자동차야영장
477,카라반
478,일반야영장
478,자동차야영장
479,자동차야영장
480,일반야영장
481,일반야영장
481,카라반
482,자동차야영장
483,자동차야영장
484,자동차야영장
485,일반야영장
486,일반야영장
487,자동차야영장
487,카라반
488,일반야영장
489,일반야영장
490,일반야영장
491,자동차야영장
492,자동차야영장
492,카라반
493,자동차야영장
494,일반야영장
494,카라반
495,자동차야영장
496,자동차야영장
497,일반야영장
497,자동차야영장
498,일반야영장
499,일반야영장
500,자동차야영장
501,일반야영장
502,일반야영장
502,자동차야영장
503,글램핑
504,글램핑
505,일반야영장
506,자동차야영장
507,자동차야영장
508,자동차야영장
509,자동차야영장
510,자동차야영장
511,일반야영장
512,자동차야영장
513,일반야영장
514,일반야영장
515,일반야영장
516,자동차야영장
517,일반야영장
518,자동차야영장
519,자동차야영장
520,일반야영장
520,글램핑
521,일반야영장
521,글램핑
522,일반야영장
523,자동차야영장
524,일반야영장
525,일반야영장
525,카라반
526,일반야영장
527,일반야영장
527,자동차야영장
528,자동차야영장
529,자동차야영장
530,일반야영장
530,카라반
531,일반야영장
532,일반야영장
533,자동차야영장
534,일반야영장
535,일반야영장
535,자동차야영장
536,일반야영장
537,자동차야영장
538,일반야영장
538,글램핑
539,일반야영장
540,자동차야영장
541,일반야영장
541,카라반
542,일반야영장
543,일반야영장
544,자동차야영장
545,일반야영장
546,일반야영장
546,카라반
546,글램핑
547,일반야영장
547,자동차야영장
547,카라반
547,글램핑
548,일반야영장
549,자동차야영장
550,자동차야영장
551,일반야영장
552,카라반
552,글램핑
553,일반야영장
554,일반야영장
555,자동차야영장
556,글램핑
557,일반야영장
558,자동차야영장
559,자동차야영장
560,일반야영장
560,글램핑
561,일반야영장
561,글램핑
562,일반야영장
563,글램핑
564,자동차야영장
565,일반야영장
565,글램핑
566,일반야영장
566,카라반
566,글램핑
567,일반야영장
568,일반야영장
568,카라반
568,글램핑
569,자동차야영장
570,일반야영장
570,카라반
571,일반야영장
572,일반야영장
572,카라반
572,글램핑
573,일반야영장
574,자동차야영장
575,자동차야영장
576,자동차야영장
577,카라반
578,일반야영장
579,일반야영장
580,일반야영장
581,글램핑
582,일반야영장
583,자동차야영장
584,자동차야영장
585,일반야영장
585,자동차야영장
585,카라반
586,일반야영장
586,글램핑
587,자동차야영장
588,일반야영장
589,일반야영장
590,일반야영장
591,일반야영장
592,일반야영장
593,자동차야영장
593,글램핑
594,일반야영장
595,글램핑
596,일반야영장
596,글램핑
597,일반야영장
598,일반야영장
599,일반야영장
599,글램핑
600,자동차야영장
600,카라반
600,글램핑
601,일반야영장
602,일반야영장
603,일반야영장
604,일반야영장
605,일반야영장
606,자동차야영장
607,일반야영장
608,일반야영장
608,카라반
608,글램핑
609,자동차야영장
610,일반야영장
610,카라반
611,자동차야영장
612,일반야영장
613,일반야영장
614,일반야영장
615,글램핑
616,자동차야영장
617,일반야영장
617,카라반
618,자동차야영장
619,일반야영장
620,일반야영장
621,일반야영장
622,일반야영장
623,일반야영장
624,일반야영장
625,일반야영장
625,글램핑
626,일반야영장
627,일반야영장
628,일반야영장
629,일반야영장
630,일반야영장
631,자동차야영장
632,일반야영장
632,글램핑
633,자동차야영장
634,글램핑
635,일반야영장
636,자동차야영장
637,일반야영장
638,일반야영장
639,일반야영장
640,일반야영장
641,일반야영장
641,카라반
642,일반야영장
642,자동차야영장
642,카라반
643,일반야영장
643,자동차야영장
644,일반야영장
645,일반야영장
646,일반야영장
647,일반야영장
648,글램핑
649,자동차야영장
650,일반야영장
651,일반야영장
651,글램핑
652,일반야영장
653,일반야영장
654,일반야영장
655,일반야영장
655,자동차야영장
656,자동차야영장
657,카라반
657,글램핑
658,자동차야영장
659,자동차야영장
660,자동차야영장
661,일반야영장
661,자동차야영장
662,일반야영장
663,자동차야영장
664,자동차야영장
665,일반야영장
666,일반야영장
666,자동차야영장
667,일반야영장
668,자동차야영장
669,일반야영장
669,자동차야영장
670,글램핑
671,일반야영장
672,자동차야영장
673,일반야영장
673,자동차야영장
674,자동차야영장
675,일반야영장
676,일반야영장
676,글램핑
677,일반야영장
678,일반야영장
679,자동차야영장
680,자동차야영장
681,자동차야영장
682,일반야영장
683,글램핑
684,일반야영장
685,자동차야영장
686,카라반
687,일반야영장
688,일반야영장
688,자동차야영장
689,일반야영장
690,자동차야영장
691,자동차야영장
692,자동차야영장
693,일반야영장
693,자동차야영장
694,자동차야영장
695,일반야영장
696,일반야영장
696,글램핑
697,일반야영장
698,일반야영장
698,글램핑
699,일반야영장
699,카라반
699,글램핑
700,일반야영장
701,일반야영장
702,자동차야영장
703,일반야영장
704,자동차야영장
705,일반야영장
706,카라반
706,글램핑
707,자동차야영장
708,일반야영장
709,일반야영장
709,카라반
709,글램핑
710,일반야영장
711,자동차야영장
712,일반야영장
713,일반야영장
714,자동차야영장
715,자동차야영장
716,일반야영장
717,일반야영장
717,자동차야영장
717,카라반
718,자동차야영장
719,자동차야영장
720,자동차야영장
721,일반야영장
722,일반야영장
722,자동차야영장
723,일반야영장
724,일반야영장
725,일반야영장
726,일반야영장
726,카라반
727,자동차야영장
727,글램핑
728,일반야영장
729,일반야영장
730,자동차야영장
731,자동차야영장
731,글램핑
732,일반야영장
732,카라반
733,일반야영장
733,글램핑
734,일반야영장
735,일반야영장
736,일반야영장
737,일반야영장
738,자동차야영장
739,일반야영장
739,자동차야영장
740,일반야영장
741,일반야영장
741,자동차야영장
741,카라반
742,일반야영장
743,일반야영장
744,일반야영장
745,일반야영장
746,일반야영장
747,자동차야영장
748,자동차야영장
749,일반야영장
750,자동차야영장
751,일반야영장
752,자동차야영장
753,자동차야영장
754,자동차야영장
755,자동차야영장
756,일반야영장
757,일반야영장
758,일반야영장
758,자동차야영장
758,카라반
758,글램핑
759,일반야영장
759,자동차야영장
760,일반야영장
761,자동차야영장
762,일반야영장
763,일반야영장
763,자동차야영장
763,카라반
764,자동차야영장
765,일반야영장
765,자동차야영장
766,일반야영장
767,일반야영장
768,일반야영장
769,자동차야영장
770,자동차야영장
771,자동차야영장
772,일반야영장
773,일반야영장
774,일반야영장
775,자동차야영장
776,일반야영장
777,일반야영장
778,일반야영장
779,일반야영장
780,일반야영장
781,자동차야영장
782,자동차야영장
783,일반야영장
784,일반야영장
784,글램핑
785,일반야영장
786,일반야영장
787,자동차야영장
787,글램핑
788,자동차야영장
789,일반야영장
790,일반야영장
791,일반야영장
792,일반야영장
793,자동차야영장
794,자동차야영장
795,일반야영장
796,일반야영장
796,글램핑
797,일반야영장
798,일반야영장
799,일반야영장
799,글램핑
800,자동차야영장
801,일반야영장
802,일반야영장
802,글램핑
803,일반야영장
804,일반야영장
805,일반야영장
806,일반야영장
807,일반야영장
808,일반야영장
809,일반야영장
809,자동차야영장
810,글램핑
811,일반야영장
811,글램핑
812,일반야영장
813,일반야영장
813,글램핑
814,자동차야영장
814,카라반
815,일반야영장
816,일반야영장
817,자동차야영장
818,자동차야영장
819,일반야영장
820,일반야영장
821,자동차야영장
822,일반야영장
822,자동차야영장
822,카라반
822,글램핑
823,글램핑
824,자동차야영장
825,일반야영장
826,자동차야영장
827,일반야영장
828,일반야영장
829,일반야영장
830,글램핑
831,일반야영장
832,일반야영장
832,글램핑
833,일반야영장
834,일반야영장
835,자동차야영장
836,글램핑
837,자동차야영장
838,일반야영장
838,글램핑
839,자동차야영장
839,글램핑
840,일반야영장
841,일반야영장
842,일반야영장
843,일반야영장
843,글램핑
844,일반야영장
845,자동차야영장
845,글램핑
846,일반야영장
847,자동차야영장
848,일반야영장
849,자동차야영장
849,카라반
849,글램핑
850,글램핑
851,자동차야영장
852,일반야영장
852,자동차야영장
852,카라반
853,일반야영장
853,글램핑
854,일반야영장
855,자동차야영장
856,자동차야영장
857,일반야영장
858,일반야영장
859,일반야영장
859,글램핑
860,일반야영장
861,자동차야영장
862,일반야영장
863,자동차야영장
864,일반야영장
865,자동차야영장
866,일반야영장
867,일반야영장
868,자동차야영장
868,카라반
869,일반야영장
870,일반야영장
871,일반야영장
872,일반야영장
872,글램핑
873,일반야영장
874,자동차야영장
875,자동차야영장
875,카라반
876,일반야영장
876,카라반
877,자동차야영장
878,자동차야영장
879,일반야영장
880,일반야영장
880,카라반
881,일반야영장
882,일반야영장
883,일반야영장
883,카라반
884,자동차야영장
885,자동차야영장
885,카라반
886,일반야영장
886,카라반
887,일반야영장
888,자동차야영장
889,자동차야영장
890,자동차야영장
890,카라반
891,자동차야영장
892,자동차야영장
893,자동차야영장
894,일반야영장
895,일반야영장
896,일반야영장
897,자동차야영장
898,일반야영장
898,자동차야영장
899,일반야영장
900,자동차야영장
901,자동차야영장
902,일반야영장
903,일반야영장
904,일반야영장
904,자동차야영장
905,자동차야영장
906,글램핑
907,일반야영장
908,일반야영장
908,자동차야영장
909,일반야영장
909,글램핑
910,일반야영장
911,일반야영장
911,글램핑
912,일반야영장
912,카라반
912,글램핑
913,일반야영장
913,카라반
914,자동차야영장
914,글램핑
915,자동차야영장
916,일반야영장
917,일반야영장
918,일반야영장
919,자동차야영장
919,글램핑
920,일반야영장
920,자동차야영장
921,자동차야영장
922,글램핑
923,일반야영장
923,카라반
924,일반야영장
925,자동차야영장
926,일반야영장
927,일반야영장
927,자동차야영장
927,카라반
927,글램핑
928,일반야영장
928,자동차야영장
928,카라반
929,일반야영장
930,일반야영장
931,일반야영장
932,일반야영장
933,일반야영장
934,글램핑
935,일반야영장
936,카라반
936,글램핑
937,자동차야영장
938,글램핑
939,일반야영장
939,자동차야영장
940,자동차야영장
941,일반야영장
942,자동차야영장
942,카라반
943,일반야영장
944,일반야영장
945,일반야영장
945,글램핑
946,자동차야영장
946,카라반
947,일반야영장
948,자동차야영장
949,카라반
950,일반야영장
951,일반야영장
951,자동차야영장
952,일반야영장
953,일반야영장
954,일반야영장
955,일반야영장
956,글램핑
957,일반야영장
957,글램핑
958,자동차야영장
959,일반야영장
960,일반야영장
960,카라반
961,일반야영장
961,자동차야영장
962,일반야영장
963,일반야영장
963,글램핑
964,일반야영장
965,자동차야영장
966,자동차야영장
966,카라반
966,글램핑
967,자동차야영장
968,글램핑
969,글램핑
970,일반야영장
970,글램핑
971,자동차야영장
972,일반야영장
973,일반야영장
974,일반야영장
975,일반야영장
976,글램핑
977,글램핑
978,자동차야영장
979,자동차야영장
980,글램핑
981,자동차야영장
981,글램핑
982,자동차야영장
982,글램핑
983,일반야영장
984,일반야영장
984,카라반
984,글램핑
985,카라반
986,일반야영장
987,자동차야영장
987,글램핑
988,자동차야영장
989,자동차야영장
990,자동차야영장
991,자동차야영장
992,자동차야영장
993,일반야영장
994,자동차야영장
995,자동차야영장
996,자동차야영장
996,글램핑
997,일반야영장
998,자동차야영장
999,자동차야영장
999,카라반
1000,일반야영장
1000,자동차야영장
1001,일반야영장
1002,일반야영장
1003,일반야영장
1004,일반야영장
1005,자동차야영장
1006,일반야영장
1007,자동차야영장
1008,일반야영장
1008,자동차야영장
1009,일반야영장
1010,일반야영장
1010,카라반
1011,일반야영장
1012,일반야영장
1013,일반야영장
1014,일반야영장
1015,일반야영장
1016,일반야영장
1017,자동차야영장
1018,일반야영장
1018,카라반
1019,일반야영장
1020,일반야영장
1021,일반야영장
1022,일반야영장
1023,일반야영장
1024,자동차야영장
1025,일반야영장
1025,글램핑
1026,일반야영장
1027,일반야영장
1027,글램핑
1028,일반야영장
1029,일반야영장
1030,일반야영장
1031,자동차야영장
1032,일반야영장
1033,자동차야영장
1034,일반야영장
1035,자동차야영장
1036,자동차야영장
1037,일반야영장
1038,일반야영장
1039,일반야영장
1040,일반야영장
1041,일반야영장
1042,일반야영장
1042,글램핑
1043,일반야영장
1043,글램핑
1044,일반야영장
1044,글램핑
1045,일반야영장
1045,자동차야영장
1046,자동차야영장
1047,자동차야영장
1048,일반야영장
1049,일반야영장
1050,일반야영장
1051,자동차야영장
1052,일반야영장
1052,자동차야영장
1052,글램핑
1053,일반야영장
1054,일반야영장
1055,자동차야영장
1056,일반야영장
1057,일반야영장
1057,카라반
1058,자동차야영장
1058,글램핑
1059,일반야영장
1059,글램핑
1060,자동차야영장
1060,글램핑
1061,일반야영장
1062,일반야영장
1063,일반야영장
1064,일반야영장
1065,자동차야영장
1066,자동차야영장
1066,카라반
1067,자동차야영장
1068,일반야영장
1069,일반야영장
1070,일반야영장
1070,자동차야영장
1070,카라반
1070,글램핑
1071,일반야영장
1072,일반야영장
1072,자동차야영장
1072,카라반
1073,일반야영장
1074,일반야영장
1075,일반야영장
1075,자동차야영장
1075,카라반
1076,일반야영장
1076,카라반
1077,일반야영장
1078,일반야영장
1079,자동차야영장
1080,일반야영장
1081,일반야영장
1081,자동차야영장
1082,일반야영장
1083,일반야영장
1083,글램핑
1084,자동차야영장
1085,일반야영장
1086,일반야영장
1086,글램핑
1087,자동차야영장
1088,일반야영장
1089,일반야영장
1089,카라반
1090,일반야영장
1091,자동차야영장
1092,자동차야영장
1093,일반야영장
1094,일반야영장
1094,자동차야영장
1094,카라반
1095,일반야영장
1096,일반야영장
1096,자동차야영장
1097,카라반
1098,일반야영장
1099,자동차야영장
1100,일반야영장
1101,자동차야영장
1102,자동차야영장
1102,글램핑
1103,자동차야영장
1104,일반야영장
1104,카라반
1104,글램핑
1105,일반야영장
1106,자동차야영장
1107,일반야영장
1108,일반야영장
1108,글램핑
1109,자동차야영장
1110,자동차야영장
1110,카라반
1111,카라반
1112,일반야영장
1113,자동차야영장
1114,자동차야영장
1115,자동차야영장
1115,글램핑
1116,자동차야영장
1117,일반야영장
1118,자동차야영장
1119,일반야영장
1119,글램핑
1120,일반야영장
1121,일반야영장
1121,글램핑
1122,일반야영장
1123,자동차야영장
1123,카라반
1123,글램핑
1124,글램핑
1125,일반야영장
1125,자동차야영장
1126,일반야영장
1127,일반야영장
1128,자동차야영장
1129,일반야영장
1130,자동차야영장
1130,카라반
1131,자동차야영장
1132,일반야영장
1133,일반야영장
1134,자동차야영장
1135,일반야영장
1136,일반야영장
1137,일반야영장
1138,자동차야영장
1139,자동차야영장
1140,일반야영장
1140,글램핑
1141,일반야영장
1142,일반야영장
1142,카라반
1143,일반야영장
1143,글램핑
1144,일반야영장
1145,일반야영장
1146,일반야영장
1147,일반야영장
1148,자동차야영장
1149,일반야영장
1150,자동차야영장
1151,일반야영장
1152,자동차야영장
1153,일반야영장
1153,자동차야영장
1154,일반야영장
1154,카라반
1154,글램핑
1155,일반야영장
1156,일반야영장
1157,일반야영장
1158,자동차야영장
1158,카라반
1159,일반야영장
1160,일반야영장
1161,일반야영장
1161,글램핑
1162,일반야영장
1163,일반야영장
1163,자동차야영장
1164,일반야영장
1164,자동차야영장
1165,일반야영장
1165,자동차야영장
1166,일반야영장
1167,일반야영장
1168,자동차야영장
1169,일반야영장
1170,일반야영장
1171,일반야영장
1172,일반야영장
1173,일반야영장
1173,자동차야영장
1173,카라반
1174,자동차야영장
1175,일반야영장
1175,카라반
1176,일반야영장
1176,자동차야영장
1177,카라반
1178,일반야영장
1179,일반야영장
1180,일반야영장
1181,일반야영장
1182,자동차야영장
1183,일반야영장
1183,카라반
1184,일반야영장
1185,일반야영장
1186,일반야영장
1187,일반야영장
1187,카라반
1188,카라반
1189,일반야영장
1190,일반야영장
1191,자동차야영장
1192,일반야영장
1193,일반야영장
1194,일반야영장
1195,일반야영장
1196,자동차야영장
1197,자동차야영장
1198,자동차야영장
1199,자동차야영장
1199,카라반
1200,일반야영장
1201,일반야영장
1201,카라반
1202,일반야영장
1203,자동차야영장
1204,자동차야영장
1205,일반야영장
1205,카라반
1206,일반야영장
1207,일반야영장
1208,일반야영장
1208,자동차야영장
1209,자동차야영장
1210,자동차야영장
1211,일반야영장
1211,카라반
1212,일반야영장
1212,카라반
1213,일반야영장
1213,글램핑
1214,일반야영장
1215,일반야영장
1215,자동차야영장
1216,자동차야영장
1216,글램핑
1217,일반야영장
1217,자동차야영장
1218,자동차야영장
1219,일반야영장
1220,자동차야영장
1221,일반야영장
1222,일반야영장
1222,자동차야영장
1223,일반야영장
1224,자동차야영장
1225,자동차야영장
1226,일반야영장
1227,일반야영장
1228,일반야영장
1228,자동차야영장
1228,글램핑
1229,자동차야영장
1230,자동차야영장
1230,글램핑
1231,자동차야영장
1232,일반야영장
1233,일반야영장
1233,카라반
1234,일반야영장
1235,자동차야영장
1235,글램핑
1236,일반야영장
1237,자동차야영장
1238,카라반
1239,일반야영장
1240,자동차야영장
1241,일반야영장
1242,일반야영장
1242,글램핑
1243,자동차야영장
1244,일반야영장
1245,일반야영장
1246,일반야영장
1246,글램핑
1247,카라반
1248,일반야영장
1248,카라반
1249,카라반
1250,일반야영장
1250,카라반
1251,자동차야영장
1252,카라반
1253,자동차야영장
1254,자동차야영장
1255,카라반
1256,자동차야영장
1257,카라반
1258,자동차야영장
1259,일반야영장
1260,일반야영장
1261,일반야영장
1261,카라반
1261,글램핑
1262,글램핑
1263,일반야영장
1263,글램핑
1264,일반야영장
1264,자동차야영장
1264,글램핑
1265,일반야영장
1265,카라반
1266,일반야영장
1266,글램핑
1267,카라반
1267,글램핑
1268,일반야영장
1269,자동차야영장
1270,일반야영장
1271,일반야영장
1271,자동차야영장
1271,카라반
1272,글램핑
1273,일반야영장
1274,일반야영장
1275,일반야영장
1276,자동차야영장
1277,일반야영장
1277,카라반
1278,일반야영장
1279,일반야영장
1280,자동차야영장
1280,글램핑
1281,자동차야영장
1282,일반야영장
1282,자동차야영장
1282,글램핑
1283,자동차야영장
1284,일반야영장
1285,일반야영장
1286,자동차야영장
1287,글램핑
1288,일반야영장
1288,자동차야영장
1289,자동차야영장
1290,글램핑
1291,일반야영장
1291,카라반
1291,글램핑
1292,일반야영장
1293,일반야영장
1293,자동차야영장
1294,자동차야영장
1295,글램핑
1296,일반야영장
1297,일반야영장
1297,카라반
1298,일반야영장
1299,자동차야영장
1300,일반야영장
1301,카라반
1302,자동차야영장
1303,일반야영장
1304,자동차야영장
1304,글램핑
1305,일반야영장
1306,일반야영장
1307,일반야영장
1307,카라반
1308,일반야영장
1309,일반야영장
1310,자동차야영장
1311,일반야영장
1311,카라반
1312,자동차야영장
1313,일반야영장
1313,카라반
1314,일반야영장
1315,일반야영장
1316,일반야영장
1316,카라반
1317,일반야영장
1318,일반야영장
1318,글램핑
1319,일반야영장
1319,카라반
1319,글램핑
1320,일반야영장
1321,글램핑
1322,일반야영장
1322,글램핑
1323,일반야영장
1323,글램핑
1324,일반야영장
1324,카라반
1325,자동차야영장
1326,자동차야영장
1327,자동차야영장
1328,일반야영장
1329,자동차야영장
1330,일반야영장
1330,자동차야영장
1330,카라반
1331,일반야영장
1332,자동차야영장
1333,일반야영장
1334,카라반
1335,자동차야영장
1336,일반야영장
1336,글램핑
1337,일반야영장
1338,일반야영장
1339,자동차야영장
1340,일반야영장
1340,카라반
1341,일반야영장
1341,카라반
1341,글램핑
1342,자동차야영장
1343,자동차야영장
1344,일반야영장
1345,일반야영장
1346,일반야영장
1347,일반야영장
1348,일반야영장
1348,글램핑
1349,일반야영장
1350,일반야영장
1351,일반야영장
1351,카라반
1351,글램핑
1352,일반야영장
1353,일반야영장
1354,일반야영장
1355,일반야영장
1355,카라반
1356,일반야영장
1357,자동차야영장
1358,자동차야영장
1359,일반야영장
1359,글램핑
1360,일반야영장
1360,글램핑
1361,일반야영장
1362,일반야영장
1363,자동차야영장
1364,자동차야영장
1365,자동차야영장
1366,일반야영장
1367,일반야영장
1368,자동차야영장
1369,일반야영장
1369,카라반
1369,글램핑
1370,일반야영장
1371,자동차야영장
1372,글램핑
1373,일반야영장
1373,자동차야영장
1374,일반야영장
1374,카라반
1374,글램핑
1375,일반야영장
1376,자동차야영장
1377,일반야영장
1378,일반야영장
1379,자동차야영장
1380,일반야영장
1381,일반야영장
1381,글램핑
1382,글램핑
1383,일반야영장
1384,일반야영장
1385,일반야영장
1385,글램핑
1386,글램핑
1387,일반야영장
1388,일반야영장
1388,글램핑
1389,자동차야영장
1389,글램핑
1390,일반야영장
1391,자동차야영장
1392,자동차야영장
1393,일반야영장
1394,자동차야영장
1395,일반야영장
1395,자동차야영장
1396,일반야영장
1397,자동차야영장
1398,자동차야영장
1399,자동차야영장
1399,글램핑
1400,자동차야영장
1401,자동차야영장
1402,일반야영장
1403,자동차야영장
1404,자동차야영장
1405,자동차야영장
1406,일반야영장
1406,카라반
1406,글램핑
1407,일반야영장
1408,일반야영장
1409,일반야영장
1409,글램핑
1410,일반야영장
1411,일반야영장
1412,일반야영장
1413,글램핑
1414,일반야영장
1415,일반야영장
1415,자동차야영장
1416,일반야영장
1417,일반야영장
1418,일반야영장
1418,카라반
1419,일반야영장
1419,카라반
1420,자동차야영장
1421,일반야영장
1422,일반야영장
1423,자동차야영장
1424,일반야영장
1425,일반야영장
1426,자동차야영장
1427,일반야영장
1427,글램핑
1428,일반야영장
1428,자동차야영장
1428,글램핑
1429,일반야영장
1430,자동차야영장
1430,카라반
1430,글램핑
1431,일반야영장
1432,일반야영장
1433,자동차야영장
1434,일반야영장
1435,일반야영장
1436,일반야영장
1437,자동차야영장
1438,자동차야영장
1439,일반야영장
1440,일반야영장
1441,일반야영장
1442,일반야영장
1443,일반야영장
1444,일반야영장
1445,일반야영장
1446,자동차야영장
1446,카라반
1447,일반야영장
1448,일반야영장
1449,일반야영장
1449,자동차야영장
1450,자동차야영장
1451,자동차야영장
1452,자동차야영장
1452,글램핑
1453,자동차야영장
1454,카라반
1454,글램핑
1455,일반야영장
1456,일반야영장
1457,일반야영장
1457,글램핑
1458,글램핑
1459,자동차야영장
1460,자동차야영장
1461,자동차야영장
1462,자동차야영장
1462,카라반
1462,글램핑
1463,일반야영장
1464,일반야영장
1465,카라반
1465,글램핑
1466,자동차야영장
1467,일반야영장
1467,글램핑
1468,자동차야영장
1469,카라반
1470,일반야영장
1470,자동차야영장
1471,자동차야영장
1472,일반야영장
1473,자동차야영장
1474,자동차야영장
1474,글램핑
1475,자동차야영장
1475,카라반
1476,일반야영장
1477,일반야영장
1478,자동차야영장
1479,자동차야영장
1480,자동차야영장
1481,일반야영장
1481,카라반
1482,일반야영장
1482,자동차야영장
1483,일반야영장
1483,자동차야영장
1484,자동차야영장
1485,일반야영장
1486,일반야영장
1487,자동차야영장
1488,자동차야영장
1489,일반야영장
1489,자동차야영장
1490,일반야영장
1490,자동차야영장
1491,일반야영장
1491,카라반
1491,글램핑
1492,글램핑
1493,자동차야영장
1493,카라반
1494,일반야영장
1494,글램핑
1495,일반야영장
1496,일반야영장
1497,일반야영장
1498,자동차야영장
1499,일반야영장
1500,자동차야영장
1501,자동차야영장
1502,일반야영장
1503,카라반
1504,자동차야영장
1505,일반야영장
1506,일반야영장
1507,일반야영장
1508,자동차야영장
1509,글램핑
1510,일반야영장
1511,일반야영장
1511,자동차야영장
1511,글램핑
1512,일반야영장
1513,일반야영장
1513,카라반
1514,일반야영장
1514,자동차야영장
1515,자동차야영장
1515,카라반
1516,자동차야영장
1517,자동차야영장
1518,자동차야영장
1518,카라반
1519,자동차야영장
1520,일반야영장
1521,자동차야영장
1522,일반야영장
1523,일반야영장
1524,일반야영장
1525,일반야영장
1525,자동차야영장
1526,자동차야영장
1527,일반야영장
1527,글램핑
1528,글램핑
1529,일반야영장
1529,카라반
1530,자동차야영장
1531,자동차야영장
1532,일반야영장
1533,일반야영장
1533,카라반
1534,일반야영장
1535,일반야영장
1536,일반야영장
1537,자동차야영장
1538,일반야영장
1539,자동차야영장
1540,자동차야영장
1541,일반야영장
1541,글램핑
1542,일반야영장
1543,일반야영장
1543,글램핑
1544,일반야영장
1544,자동차야영장
1545,자동차야영장
1546,일반야영장
1547,일반야영장
1548,일반야영장
1549,일반야영장
1549,카라반
1549,글램핑
1550,일반야영장
1551,일반야영장
1552,일반야영장
1553,일반야영장
1554,자동차야영장
1555,일반야영장
1555,자동차야영장
1556,일반야영장
1557,자동차야영장
1558,일반야영장
1559,일반야영장
1560,자동차야영장
1561,일반야영장
1561,카라반
1561,글램핑
1562,일반야영장
1563,일반야영장
1563,자동차야영장
1564,일반야영장
1564,자동차야영장
1565,일반야영장
1566,일반야영장
1567,일반야영장
1567,카라반
1568,일반야영장
1569,일반야영장
1570,일반야영장
1571,일반야영장
1571,카라반
1571,글램핑
1572,일반야영장
1572,글램핑
1573,자동차야영장
1574,자동차야영장
1574,카라반
1575,자동차야영장
1576,자동차야영장
1577,일반야영장
1578,일반야영장
1579,일반야영장
1580,자동차야영장
1581,일반야영장
1582,일반야영장
1582,카라반
1582,글램핑
1583,일반야영장
1583,카라반
1584,자동차야영장
1585,자동차야영장
1586,일반야영장
1587,일반야영장
1587,자동차야영장
1587,카라반
1587,글램핑
1588,일반야영장
1588,자동차야영장
1589,자동차야영장
1590,글램핑
1591,자동차야영장
1592,글램핑
1593,일반야영장
1593,카라반
1593,글램핑
1594,자동차야영장
1594,카라반
1595,일반야영장
1596,일반야영장
1596,카라반
1596,글램핑
1597,일반야영장
1598,일반야영장
1599,자동차야영장
1600,일반야영장
1601,일반야영장
1601,글램핑
1602,자동차야영장
1603,일반야영장
1603,카라반
1604,일반야영장
1605,일반야영장
1606,일반야영장
1606,글램핑
1607,일반야영장
1608,일반야영장
1609,일반야영장
1610,일반야영장
1611,일반야영장
1612,자동차야영장
1613,자동차야영장
1614,자동차야영장
1615,카라반
1615,글램핑
1616,일반야영장
1617,자동차야영장
1618,일반야영장
1619,일반야영장
1619,글램핑
1620,일반야영장
1621,자동차야영장
1621,카라반
1622,글램핑
1623,자동차야영장
1624,일반야영장
1625,자동차야영장
1625,카라반
1626,자동차야영장
1627,일반야영장
1627,카라반
1628,일반야영장
1629,자동차야영장
1630,일반야영장
1631,일반야영장
1632,일반야영장
1633,일반야영장
1634,일반야영장
1635,일반야영장
1636,일반야영장
1637,자동차야영장
1638,자동차야영장
1638,카라반
1639,일반야영장
1640,일반야영장
1641,일반야영장
1642,일반야영장
1642,자동차야영장
1643,일반야영장
1644,일반야영장
1645,일반야영장
1646,일반야영장
1646,글램핑
1647,일반야영장
1647,카라반
1648,일반야영장
1649,일반야영장
1650,일반야영장
1651,일반야영장
1651,글램핑
1652,자동차야영장
1652,카라반
1653,자동차야영장
1654,일반야영장
1655,일반야영장
1655,자동차야영장
1655,카라반
1656,자동차야영장
1657,일반야영장
1657,카라반
1657,글램핑
1658,일반야영장
1659,일반야영장
1660,일반야영장
1661,자동차야영장
1662,일반야영장
1663,일반야영장
1664,일반야영장
1665,자동차야영장
1666,일반야영장
1666,카라반
1667,일반야영장
1668,자동차야영장
1669,일반야영장
1670,일반야영장
1671,일반야영장
1671,글램핑
1672,일반야영장
1673,글램핑
1674,일반야영장
1675,일반야영장
1676,자동차야영장
1677,자동차야영장
1678,일반야영장
1679,일반야영장
1679,카라반
1680,일반야영장
1681,일반야영장
1682,일반야영장
1683,일반야영장
1684,일반야영장
1685,일반야영장
1686,일반야영장
1687,일반야영장
1687,글램핑
1688,일반야영장
1688,자동차야영장
1689,자동차야영장
1690,자동차야영장
1690,카라반
1690,글램핑
1691,일반야영장
1691,글램핑
1692,자동차야영장
1693,자동차야영장
1694,일반야영장
1694,글램핑
1695,자동차야영장
1695,글램핑
1696,일반야영장
1697,일반야영장
1698,일반야영장
1698,카라반
1699,자동차야영장
1700,일반야영장
1701,자동차야영장
1701,카라반
1702,일반야영장
1702,글램핑
1703,일반야영장
1704,일반야영장
1705,자동차야영장
1706,일반야영장
1707,일반야영장
1708,일반야영장
1709,일반야영장
1709,글램핑
1710,일반야영장
1711,자동차야영장
1712,일반야영장
1713,일반야영장
1714,일반야영장
1714,글램핑
1715,일반야영장
1716,글램핑
1717,일반야영장
1718,자동차야영장
1719,자동차야영장
1720,일반야영장
1721,카라반
1721,글램핑
1722,일반야영장
1722,카라반
1723,일반야영장
1723,자동차야영장
1723,카라반
1724,자동차야영장
1725,자동차야영장
1725,글램핑
1726,자동차야영장
1727,자동차야영장
1728,일반야영장
1728,자동차야영장
1729,자동차야영장
1730,일반야영장
1731,자동차야영장
1731,카라반
1732,자동차야영장
1733,일반야영장
1734,일반야영장
1734,자동차야영장
1735,일반야영장
1736,일반야영장
1737,자동차야영장
1738,일반야영장
1738,자동차야영장
1738,글램핑
1739,일반야영장
1740,일반야영장
1740,자동차야영장
1741,일반야영장
1742,자동차야영장
1743,자동차야영장
1744,일반야영장
1744,글램핑
1745,일반야영장
1745,글램핑
1746,자동차야영장
1747,일반야영장
1747,자동차야영장
1748,카라반
1748,글램핑
1749,카라반
1749,글램핑
1750,일반야영장
1751,일반야영장
1752,자동차야영장
1753,일반야영장
1753,카라반
1754,일반야영장
1754,자동차야영장
1755,자동차야영장
1756,일반야영장
1757,자동차야영장
1758,자동차야영장
1759,일반야영장
1759,글램핑
1760,일반야영장
1761,일반야영장
1761,카라반
1762,일반야영장
1763,일반야영장
1763,자동차야영장
1763,글램핑
1764,일반야영장
1764,자동차야영장
1765,일반야영장
1766,자동차야영장
1767,일반야영장
1767,자동차야영장
1768,일반야영장
1769,자동차야영장
1769,글램핑
1770,자동차야영장
1771,일반야영장
1771,자동차야영장
1771,글램핑
1772,일반야영장
1773,자동차야영장
1773,글램핑
1774,일반야영장
1775,일반야영장
1776,자동차야영장
1777,자동차야영장
1778,일반야영장
1778,자동차야영장
1778,카라반
1779,자동차야영장
1780,자동차야영장
1781,일반야영장
1781,글램핑
1782,일반야영장
1783,자동차야영장
1783,글램핑
1784,일반야영장
1784,글램핑
1785,자동차야영장
1785,글램핑
1786,자동차야영장
1786,카라반
1787,일반야영장
1787,자동차야영장
1788,자동차야영장
1788,카라반
1789,자동차야영장
1790,일반야영장
1790,자동차야영장
1790,카라반
1790,글램핑
1791,자동차야영장
1792,자동차야영장
1792,카라반
1792,글램핑
1793,자동차야영장
1793,글램핑
1794,자동차야영장
1795,일반야영장
1795,글램핑
1796,일반야영장
1796,자동차야영장
1797,자동차야영장
1798,자동차야영장
1799,일반야영장
1799,카라반
1800,일반야영장
1800,자동차야영장
1801,자동차야영장
1802,자동차야영장
1803,자동차야영장
1804,일반야영장
1804,글램핑
1805,자동차야영장
1806,자동차야영장
1807,일반야영장
1808,자동차야영장
1809,일반야영장
1810,일반야영장
1810,글램핑
1811,일반야영장
1812,일반야영장
1812,카라반
1813,자동차야영장
1814,자동차야영장
1815,자동차야영장
1816,자동차야영장
1816,카라반
1816,글램핑
1817,일반야영장
1817,자동차야영장
1818,일반야영장
1819,글램핑
1820,글램핑
1821,일반야영장
1822,일반야영장
1822,자동차야영장
1823,자동차야영장
1824,일반야영장
1825,일반야영장
1825,카라반
1825,글램핑
1826,카라반
1827,일반야영장
1827,카라반
1828,자동차야영장
1828,글램핑
1829,일반야영장
1830,일반야영장
1830,자동차야영장
1831,일반야영장
1831,자동차야영장
1832,일반야영장
1832,자동차야영장
1833,일반야영장
1834,일반야영장
1835,일반야영장
1836,자동차야영장
1836,글램핑
1837,일반야영장
1838,일반야영장
1838,글램핑
1839,일반야영장
1840,일반야영장
1841,일반야영장
1842,일반야영장
1842,글램핑
1843,일반야영장
1843,자동차야영장
1843,카라반
1844,일반야영장
1845,자동차야영장
1846,일반야영장
1846,글램핑
1847,일반야영장
1847,자동차야영장
1848,자동차야영장
1849,자동차야영장
1850,자동차야영장
1850,글램핑
1851,일반야영장
1851,카라반
1851,글램핑
1852,자동차야영장
1853,자동차야영장
1854,자동차야영장
1855,자동차야영장
1856,자동차야영장
1857,자동차야영장
1858,자동차야영장
1859,자동차야영장
1860,자동차야영장
1861,자동차야영장
1862,자동차야영장
1863,자동차야영장
1864,자동차야영장
1865,자동차야영장
1866,자동차야영장
1867,자동차야영장
1868,자동차야영장
1869,일반야영장
1870,일반야영장
1871,일반야영장
1872,일반야영장
1873,일반야영장
1874,일반야영장
1875,일반야영장
1876,일반야영장
1877,일반야영장
1878,일반야영장
1879,일반야영장
1880,일반야영장
1881,일반야영장
1882,일반야영장
1883,일반야영장
1884,일반야영장
1885,일반야영장
1886,일반야영장
1887,일반야영장
1888,일반야영장
1889,일반야영장
1890,일반야영장
1891,일반야영장
1892,일반야영장
1893,카라반
1893,글램핑
1894,일반야영장
1894,카라반
1895,일반야영장
1896,일반야영장
1897,일반야영장
1898,일반야영장
1899,일반야영장
1900,일반야영장
1901,일반야영장
1902,일반야영장
1903,일반야영장
1904,일반야영장
1905,일반야영장
1906,일반야영장
1907,일반야영장
1908,일반야영장
1908,글램핑
1909,일반야영장
1910,일반야영장
1911,일반야영장
1912,일반야영장
1913,일반야영장
1914,일반야영장
1915,일반야영장
1916,일반야영장
1917,일반야영장
1918,일반야영장
1919,일반야영장
1920,일반야영장
1921,일반야영장
1922,일반야영장
1923,일반야영장
1924,일반야영장
1925,일반야영장
1926,일반야영장
1927,일반야영장
1928,일반야영장
1929,일반야영장
1930,일반야영장
1931,자동차야영장
1932,일반야영장
1933,일반야영장
1934,일반야영장
1935,일반야영장
1936,일반야영장
1937,일반야영장
1938,일반야영장
1939,일반야영장
1940,일반야영장
1941,일반야영장
1942,일반야영장
1943,일반야영장
1944,일반야영장
1945,일반야영장
1946,일반야영장
1947,일반야영장
1948,일반야영장
1949,일반야영장
1949,카라반
1950,일반야영장
1951,일반야영장
1952,일반야영장
1953,일반야영장
1954,일반야영장
1955,일반야영장
1956,일반야영장
1957,일반야영장
1958,일반야영장
1959,일반야영장
1960,일반야영장
1961,일반야영장
1961,카라반
1962,일반야영장
1963,일반야영장
1964,일반야영장
1965,일반야영장
1966,일반야영장
1967,일반야영장
1968,일반야영장
1969,일반야영장
1970,일반야영장
1971,일반야영장
1972,일반야영장
1973,일반야영장
1974,일반야영장
1975,일반야영장
1976,일반야영장
1977,일반야영장
1978,일반야영장
1979,일반야영장
1980,일반야영장
1981,일반야영장
1982,일반야영장
1983,일반야영장
1984,일반야영장
1985,일반야영장
1986,일반야영장
1987,일반야영장
1988,일반야영장
1989,일반야영장
1990,일반야영장
1991,일반야영장
1992,일반야영장
1993,일반야영장
1994,일반야영장
1994,글램핑
1995,일반야영장
1996,일반야영장
1997,일반야영장
1998,일반야영장
1998,카라반
1998,글램핑
1999,일반야영장
2000,일반야영장
